{
  "active_status": true,
  "business_hours": [
    {
      "from_time": "09:00",
      "to_time": "20:00",
      "weekday": 0
    },
    {
      "from_time": "09:00",
      "to_time": "20:00",
      "weekday": 2
    },
    {
      "from_time": "09:00",
      "to_time": "20:00",
      "weekday": 3
    },
    {
      "from_time": "09:00",
      "to_time": "20:00",
      "weekday": 4
    },
    {
      "from_time": "09:00",
      "to_time": "20:00",
      "weekday": 5
    },
    {
      "from_time": "09:00",
      "to_time": "20:00",
      "weekday": 6
    }
  ],
  "division_name": "US",
  "gift_wrapping": false,
  "label": "001_US_ABC_Street",
  "tax_included": true,
  "phone_number": "202-555-0138",
  "physical_address": {
    "address_line_1": "12 ABC Street",
    "city": "New York",
    "country_code": "US",
    "latitude": 40.7256956,
    "longitude": -74.0023217,
    "state": "NY",
    "zip_code": "10001"
  },
  "queue_prioritization": [
    {
      "display_priority_type": "priority",
      "priority": 1,
      "shipping_type": "same_day_delivery"
    },
    {
      "display_priority_type": "priority",
      "priority": 1,
      "shipping_type": "in_store_pick_up"
    }
  ],
  "shipping_address": {
    "address_line_1": "12 ABC Street",
    "city": "New York",
    "country_code": "US",
    "state": "NY",
    "zip_code": "10002"
  },
  "store_id": "store1_NYC",
  "timezone": "America/New_York"
}