{
	"head": {
        "currency": "GBP",
        "pricebook": "default-GBP",
        "shop": "storefront-catalog-en"
    },
    "items": [
        {
            "product_id": "1000001",
            "value": 95.00
        },
        {
            "product_id": "1000002",
            "value": 95.00
        },
        {
            "product_id": "1000011",
            "value": 13.78
        },
        {
            "product_id": "1000012",
            "value": 36.74
        },
        {
            "product_id": "1000031",
            "value": 712.00
        },
        {
            "product_id": "1000041",
            "value": 712.00
        },
        {
            "product_id": "1000061",
            "value": 95.00
        },
        {
            "product_id": "1000071",
            "value": 95.00
        },
        {
            "product_id": "1000081",
            "value": 412.00
        },
        {
            "product_id": "1000091",
            "value": 10.00
        },
        {
            "product_id": "1000101",
            "value": 412.00
        },
        {
            "product_id": "1000111",
            "value": 412.00
        },
        {
            "product_id": "1000151",
            "value": 812.00
        },
        {
            "product_id": "1000152",
            "value": 812.00
        },
        {
            "product_id": "1000161",
            "value": 412.00
        },
        {
            "product_id": "1000171",
            "value": 312.00
        },
        {
            "product_id": "1000172",
            "value": 312.00
        },
        {
            "product_id": "1000181",
            "value": 512.00
        },
        {
            "product_id": "1000191",
            "value": 812.00
        },
        {
            "product_id": "1000201",
            "value": 412.00
        },
        {
            "product_id": "1000202",
            "value": 412.00
        },
        {
            "product_id": "1000221",
            "value": 712.00
        },
        {
            "product_id": "1000251",
            "value": 1112.00
        },
        {
            "product_id": "1000261",
            "value": 412.00
        },
        {
            "product_id": "1000262",
            "value": 412.00
        },
        {
            "product_id": "1000271",
            "value": 812.00
        },
        {
            "product_id": "1000272",
            "value": 812.00
        },
        {
            "product_id": "1000281",
            "value": 512.00
        },
        {
            "product_id": "1000282",
            "value": 512.00
        },
        {
            "product_id": "1000283",
            "value": 512.00
        },
        {
            "product_id": "1000291",
            "value": 312.00
        },
        {
            "product_id": "1000301",
            "value": 412.00
        },
        {
            "product_id": "1000302",
            "value": 412.00
        },
        {
            "product_id": "1000311",
            "value": 412.00
        },
        {
            "product_id": "1000321",
            "value": 512.00
        },
        {
            "product_id": "1000322",
            "value": 512.00
        },
        {
            "product_id": "1000331",
            "value": 512.00
        },
        {
            "product_id": "1000341",
            "value": 412.00
        },
        {
            "product_id": "1000342",
            "value": 412.00
        },
        {
            "product_id": "1000361",
            "value": 912.00
        },
        {
            "product_id": "1000362",
            "value": 912.00
        },
        {
            "product_id": "1000371",
            "value": 512.00
        },
        {
            "product_id": "1000372",
            "value": 512.00
        },
        {
            "product_id": "1000381",
            "value": 95.00
        },
        {
            "product_id": "1000401",
            "value": 212.00
        },
        {
            "product_id": "1000402",
            "value": 212.00
        },
        {
            "product_id": "1000403",
            "value": 212.00
        },
        {
            "product_id": "1000411",
            "value": 512.00
        },
        {
            "product_id": "1000412",
            "value": 512.00
        },
        {
            "product_id": "1000451",
            "value": 512.00
        },
        {
            "product_id": "1000452",
            "value": 512.00
        },
        {
            "product_id": "1000461",
            "value": 212.00
        },
        {
            "product_id": "1000462",
            "value": 212.00
        },
        {
            "product_id": "1000463",
            "value": 212.00
        },
        {
            "product_id": "1000471",
            "value": 412.00
        },
        {
            "product_id": "1000501",
            "value": 512.00
        },
        {
            "product_id": "1000541",
            "value": 312.00
        },
        {
            "product_id": "1000542",
            "value": 312.00
        },
        {
            "product_id": "1000543",
            "value": 312.00
        },
        {
            "product_id": "1000551",
            "value": 512.00
        },
        {
            "product_id": "1000571",
            "value": 412.00
        },
        {
            "product_id": "1000572",
            "value": 412.00
        },
        {
            "product_id": "1000591",
            "value": 412.00
        },
        {
            "product_id": "1000601",
            "value": 512.00
        },
        {
            "product_id": "1000602",
            "value": 512.00
        },
        {
            "product_id": "1000611",
            "value": 612.00
        },
        {
            "product_id": "1000612",
            "value": 612.00
        },
        {
            "product_id": "1000631",
            "value": 312.00
        },
        {
            "product_id": "1000632",
            "value": 312.00
        },
        {
            "product_id": "1000641",
            "value": 412.00
        },
        {
            "product_id": "1000642",
            "value": 412.00
            },
        {
            "product_id": "1000651",
            "value": 212.00
        },
        {
            "product_id": "1000652",
            "value": 212.00
        },
        {
            "product_id": "1000661",
            "value": 412.00
        },
        {
            "product_id": "1000662",
            "value": 412.00
        },
        {
            "product_id": "1000671",
            "value": 85.00
        },
        {
            "product_id": "1000672",
            "value": 85.00
        },
        {
            "product_id": "1000681",
            "value": 712.00
        },
        {
            "product_id": "1000682",
            "value": 712.00
        },
        {
            "product_id": "1000691",
            "value": 512.00
        },
        {
            "product_id": "1000692",
            "value": 512.00
        },
        {
            "product_id": "1000701",
            "value": 812.00
        },
        {
            "product_id": "1000702",
            "value": 812.00
        },
        {
            "product_id": "1000721",
            "value": 512.00
        },
        {
            "product_id": "1000722",
            "value": 512.00
        },
        {
            "product_id": "1000731",
            "value": 712.00
        },
        {
            "product_id": "1000761",
            "value": 712.00
        },
        {
            "product_id": "1000762",
            "value": 712.00
        },
        {
            "product_id": "1000763",
            "value": 712.00
        },
        {
            "product_id": "1000771",
            "value": 712.00
        },
        {
            "product_id": "1000772",
            "value": 712.00
        },
        {
            "product_id": "1000781",
            "value": 712.00
        },
        {
            "product_id": "1000782",
            "value": 712.00
        },
        {
            "product_id": "1000783",
            "value": 712.00
        },
        {
            "product_id": "1000784",
            "value": 712.00
        },
        {
            "product_id": "1000811",
            "value": 312.00
        },
        {
            "product_id": "1000812",
            "value": 312.00
        },
        {
            "product_id": "1000821",
            "value": 512.00
        },
        {
            "product_id": "1000822",
            "value": 512.00
        },
        {
            "product_id": "1000831",
            "value": 512.00
        },
        {
            "product_id": "1000832",
            "value": 512.00
        },
        {
            "product_id": "1000841",
            "value": 312.00
        },
        {
            "product_id": "1000842",
            "value": 312.00
        },
        {
            "product_id": "1000851",
            "value": 712.00
        },
        {
            "product_id": "1000852",
            "value": 712.00
        },
        {
            "product_id": "1000861",
            "value": 512.00
        },
        {
            "product_id": "1000862",
            "value": 512.00
        },
        {
            "product_id": "1000871",
            "value": 412.00
        },
        {
            "product_id": "1000881",
            "value": 312.00
        },
        {
            "product_id": "1000882",
            "value": 312.00
        },
        {
            "product_id": "1000891",
            "value": 712.00
        },
        {
            "product_id": "1000892",
            "value": 712.00
        },
        {
            "product_id": "1000901",
            "value": 512.00
        },
        {
            "product_id": "1000902",
            "value": 512.00
        },
        {
            "product_id": "1000911",
            "value": 412.00
        },
        {
            "product_id": "1000912",
            "value": 412.00
        },
        {
            "product_id": "1000921",
            "value": 812.00
        },
        {
            "product_id": "1000922",
            "value": 812.00
        },
        {
            "product_id": "1000931",
            "value": 312.00
        },
        {
            "product_id": "1000932",
            "value": 312.00
        },
        {
            "product_id": "1000941",
            "value": 212.00
        },
        {
            "product_id": "1000951",
            "value": 312.00
        },
        {
            "product_id": "1000952",
            "value": 312.00
        },
        {
            "product_id": "1000961",
            "value": 212.00
        },
        {
            "product_id": "1000962",
            "value": 212.00
        },
        {
            "product_id": "1000971",
            "value": 812.00
        },
        {
            "product_id": "1000981",
            "value": 312.00
        },
        {
            "product_id": "1000982",
            "value": 312.00
        },
        {
            "product_id": "1001011",
            "value": 30.00
        },
        {
            "product_id": "1001012",
            "value": 30.00
        },
        {
            "product_id": "1001021",
            "value": 212.00
        },
        {
            "product_id": "1001022",
            "value": 212.00
        },
        {
            "product_id": "1001041",
            "value": 912.00
        },
        {
            "product_id": "1001071",
            "value": 512.00
        },
        {
            "product_id": "1001072",
            "value": 512.00
        },
        {
            "product_id": "1001081",
            "value": 512.00
        },
        {
            "product_id": "1001082",
            "value": 512.00
        },
        {
            "product_id": "1001201",
            "value": 712.00
        },
        {
            "product_id": "1001211",
            "value": 112.00
        }
    ]
}
