{
    "fulfillment_config": {
        "service_levels": {
            "2_DAY": {
                "display_name": "Standard",
                "delivery_time": "2-3 business days",
                "delivery_time_after_cutoff_hour": "",
                "price": 22,
                "currency_code": "USD",
                "tax_code": "",
                "remorse_period": 30
            },
            "2_DAY_DE": {
                "display_name": "Ground",
                "delivery_time": "3-7 business days",
                "delivery_time_after_cutoff_hour": "",
                "price": 0,
                "currency_code": "EUR",
                "tax_code": "",
                "remorse_period": 0
            },
            "2_DAY_UK": {
                "display_name": "Second day",
                "delivery_time": "",
                "delivery_time_after_cutoff_hour": "",
                "price": 0,
                "currency_code": "USD",
                "tax_code": "",
                "remorse_period": 0
            },
            "GROUND": {
                "display_name": "Ground - 5 minute remorse period",
                "delivery_time": "3-7 business days",
                "delivery_time_after_cutoff_hour": "",
                "price": 20,
                "currency_code": "USD",
                "tax_code": "",
                "remorse_period": 300
            },
            "GROUND_PR": {
                "display_name": "Ground",
                "delivery_time": "",
                "delivery_time_after_cutoff_hour": "",
                "price": 0,
                "currency_code": "USD",
                "tax_code": "",
                "remorse_period": 0
            },
            "GROUND_UK": {
                "display_name": "Ground",
                "delivery_time": "3-7 business days",
                "delivery_time_after_cutoff_hour": "",
                "price": 0,
                "currency_code": "GBP",
                "tax_code": "",
                "remorse_period": 0
            },
            "IN_STORE_PICK_UP": {
                "display_name": "Collect in Store",
                "delivery_time": "Collect your item at our store",
                "delivery_time_after_cutoff_hour": "Collect your item at our store",
                "price": 0,
                "currency_code": "USD",
                "tax_code": "FR",
                "remorse_period": 0
            },
            "NEXT_DAY": {
                "display_name": "Overnight",
                "delivery_time": "",
                "delivery_time_after_cutoff_hour": "",
                "price": 0,
                "currency_code": "USD",
                "tax_code": "",
                "remorse_period": 0
            },
            "NEXT_DAY_PR": {
                "display_name": "Next day",
                "delivery_time": "",
                "delivery_time_after_cutoff_hour": "",
                "price": 0,
                "currency_code": "USD",
                "tax_code": "",
                "remorse_period": 0
            },
            "ON_DEMAND_UK": {
                "display_name": "Same Day",
                "delivery_time": "Place order by 2pm",
                "delivery_time_after_cutoff_hour": "Place order by 2pm",
                "price": 10,
                "currency_code": "GBP",
                "tax_code": "",
                "remorse_period": 0
            },
            "SAME_DAY_DELIVERY": {
                "display_name": "Same Day",
                "delivery_time": "Place order by 2pm",
                "delivery_time_after_cutoff_hour": "Place order by 2pm",
                "price": 15,
                "currency_code": "USD",
                "tax_code": "",
                "remorse_period": 0
            },
            "SAME_DAY_DELIVERY_ACME": {
                "display_name": "Same Day",
                "delivery_time": "Place order by 2pm",
                "delivery_time_after_cutoff_hour": "Place order by 2pm",
                "price": 15,
                "currency_code": "USD",
                "tax_code": "",
                "remorse_period": 0
            },
            "SAME_DAY_DELIVERY_UK": {
                "display_name": "Same Day",
                "delivery_time": "Place order by 2pm",
                "delivery_time_after_cutoff_hour": "Place order by 2pm",
                "price": 10,
                "currency_code": "EUR",
                "tax_code": "",
                "remorse_period": 0
            }
        },
        "provider_rates": {
            "2ndDayAirPR": {
                "shipping_carrier_name": "UPS_PR",
                "service_level": "2_DAY_PR",
                "shipping_type": "same_day_delivery",
                "use_as_customer_facing_cost": false,
                "return_provider_rate": "",
                "carrier_defined_service_level": ""
            },
            "ACME_2_DAY_EXPRESS": {
                "shipping_carrier_name": "ACME_TRADITIONAL",
                "service_level": "2_DAY",
                "shipping_type": "traditional_carrier",
                "use_as_customer_facing_cost": false,
                "return_provider_rate": "",
                "carrier_defined_service_level": ""
            },
            "ACME_2_DAY_EXPRESS_UK": {
                "shipping_carrier_name": "ACME_TRADITIONAL",
                "service_level": "2_DAY_UK",
                "shipping_type": "traditional_carrier",
                "use_as_customer_facing_cost": false,
                "return_provider_rate": "",
                "carrier_defined_service_level": ""
            },
            "ACME_5_DAY_NO_HURRY": {
                "shipping_carrier_name": "ACME_TRADITIONAL",
                "service_level": "GROUND",
                "shipping_type": "traditional_carrier",
                "use_as_customer_facing_cost": false,
                "return_provider_rate": "",
                "carrier_defined_service_level": ""
            },
            "ACME_5_DAY_NO_HURRY_UK": {
                "shipping_carrier_name": "ACME_TRADITIONAL",
                "service_level": "GROUND_UK",
                "shipping_type": "traditional_carrier",
                "use_as_customer_facing_cost": false,
                "return_provider_rate": "",
                "carrier_defined_service_level": ""
            },
            "ACME_ON_DEMAND_2_HOURS": {
                "shipping_carrier_name": "ACME_ON_DEMAND",
                "service_level": "SAME_DAY_DELIVERY_ACME",
                "shipping_type": "same_day_delivery",
                "use_as_customer_facing_cost": false,
                "return_provider_rate": "",
                "carrier_defined_service_level": ""
            },
            "ACME_ON_DEMAND_2_HOURS_UK": {
                "shipping_carrier_name": "ACME_ON_DEMAND",
                "service_level": "SAME_DAY_DELIVERY_UK",
                "shipping_type": "same_day_delivery",
                "use_as_customer_facing_cost": false,
                "return_provider_rate": "",
                "carrier_defined_service_level": ""
            },
            "DELIV": {
                "shipping_carrier_name": "DELIV",
                "service_level": "SAME_DAY_DELIVERY",
                "shipping_type": "same_day_delivery",
                "use_as_customer_facing_cost": false,
                "return_provider_rate": "FEDEX_GROUND",
                "carrier_defined_service_level": ""
            },
            "FEDEX_2_DAY": {
                "shipping_carrier_name": "EXTERNAL_FEDEX",
                "service_level": "2_DAY",
                "shipping_type": "traditional_carrier",
                "use_as_customer_facing_cost": false,
                "return_provider_rate": "",
                "carrier_defined_service_level": ""
            },
            "FEDEX_GROUND": {
                "shipping_carrier_name": "EXTERNAL_FEDEX",
                "service_level": "GROUND",
                "shipping_type": "traditional_carrier",
                "use_as_customer_facing_cost": false,
                "return_provider_rate": "",
                "carrier_defined_service_level": ""
            },
            "IN_STORE_PICK_UP": {
                "shipping_carrier_name": "IN_STORE_PICK_UP",
                "service_level": "IN_STORE_PICK_UP",
                "shipping_type": "in_store_pick_up",
                "use_as_customer_facing_cost": false,
                "return_provider_rate": "",
                "carrier_defined_service_level": ""
            },
            "STANDARD_OVERNIGHT": {
                "shipping_carrier_name": "EXTERNAL_FEDEX",
                "service_level": "NEXT_DAY",
                "shipping_type": "traditional_carrier",
                "use_as_customer_facing_cost": false,
                "return_provider_rate": "",
                "carrier_defined_service_level": ""
            }
        },
        "sl_levels_priority": [
            "2_DAY",
            "GROUND",
            "SAME_DAY_DELIVERY",
            "SAME_DAY_DELIVERY_ACME",
            "NEXT_DAY_PR",
            "2_DAY_UK",
            "GROUND_PR",
            "SAME_DAY_DELIVERY_UK",
            "2_DAY_DE",
            "ON_DEMAND_UK",
            "GROUND_UK"
        ],
        "routes": [
            {
                "destination_region": {
                    "countries": [
                        "US"
                    ],
                    "zip_codes": [
                        "50*",
                        "51*",
                        "52*",
                        "53*",
                        "54*",
                        "55*",
                        "560*",
                        "561*",
                        "562*",
                        "563*",
                        "564*",
                        "565*",
                        "566*",
                        "567*",
                        "57*",
                        "58*",
                        "6*",
                        "7*",
                        "885*"
                    ]
                },
                "fulfilled_by": {
                    "2_DAY": [
                        {
                            "fulfillment_node_id": "DCO1",
                            "provider_rate": "ACME_2_DAY_EXPRESS"
                        },
                        {
                            "fulfillment_node_id": "DCO1",
                            "provider_rate": "FEDEX_2_DAY"
                        },
                        {
                            "fulfillment_node_id": "US01",
                            "provider_rate": "ACME_2_DAY_EXPRESS"
                        },
                        {
                            "fulfillment_node_id": "US01",
                            "provider_rate": "FEDEX_2_DAY"
                        },
                        {
                            "fulfillment_node_id": "US03",
                            "provider_rate": "ACME_2_DAY_EXPRESS"
                        },
                        {
                            "fulfillment_node_id": "US03",
                            "provider_rate": "FEDEX_2_DAY"
                        }
                    ],
                    "GROUND": [
                        {
                            "fulfillment_node_id": "DCO1",
                            "provider_rate": "ACME_5_DAY_NO_HURRY"
                        },
                        {
                            "fulfillment_node_id": "DCO1",
                            "provider_rate": "FEDEX_GROUND"
                        },
                        {
                            "fulfillment_node_id": "US01",
                            "provider_rate": "ACME_5_DAY_NO_HURRY"
                        },
                        {
                            "fulfillment_node_id": "US01",
                            "provider_rate": "FEDEX_GROUND"
                        },
                        {
                            "fulfillment_node_id": "US03",
                            "provider_rate": "ACME_5_DAY_NO_HURRY"
                        },
                        {
                            "fulfillment_node_id": "US03",
                            "provider_rate": "FEDEX_GROUND"
                        }
                    ],
                    "SAME_DAY_DELIVERY_ACME": [
                        {
                            "fulfillment_node_id": "DCO1",
                            "provider_rate": "ACME_ON_DEMAND_2_HOURS"
                        },
                        {
                            "fulfillment_node_id": "US01",
                            "provider_rate": "ACME_ON_DEMAND_2_HOURS"
                        },
                        {
                            "fulfillment_node_id": "US03",
                            "provider_rate": "ACME_ON_DEMAND_2_HOURS"
                        }
                    ],
                    "NEXT_DAY": [
                        {
                            "fulfillment_node_id": "DCO1",
                            "provider_rate": "STANDARD_OVERNIGHT"
                        },
                        {
                            "fulfillment_node_id": "US01",
                            "provider_rate": "STANDARD_OVERNIGHT"
                        },
                        {
                            "fulfillment_node_id": "US03",
                            "provider_rate": "STANDARD_OVERNIGHT"
                        }
                    ]
                }
            },
            {
                "destination_region": {
                    "countries": [
                        "US"
                    ],
                    "zip_codes": [
                        "0*",
                        "1*",
                        "2*",
                        "3*",
                        "4*",
                        "569*"
                    ]
                },
                "fulfilled_by": {
                    "2_DAY": [
                        {
                            "fulfillment_node_id": "DCO1",
                            "provider_rate": "ACME_2_DAY_EXPRESS"
                        },
                        {
                            "fulfillment_node_id": "DCO1",
                            "provider_rate": "FEDEX_2_DAY"
                        },
                        {
                            "fulfillment_node_id": "US03",
                            "provider_rate": "ACME_2_DAY_EXPRESS"
                        },
                        {
                            "fulfillment_node_id": "US03",
                            "provider_rate": "FEDEX_2_DAY"
                        },
                        {
                            "fulfillment_node_id": "US01",
                            "provider_rate": "ACME_2_DAY_EXPRESS"
                        },
                        {
                            "fulfillment_node_id": "US01",
                            "provider_rate": "FEDEX_2_DAY"
                        }
                    ],
                    "GROUND": [
                        {
                            "fulfillment_node_id": "DCO1",
                            "provider_rate": "ACME_5_DAY_NO_HURRY"
                        },
                        {
                            "fulfillment_node_id": "DCO1",
                            "provider_rate": "FEDEX_GROUND"
                        },
                        {
                            "fulfillment_node_id": "US03",
                            "provider_rate": "ACME_5_DAY_NO_HURRY"
                        },
                        {
                            "fulfillment_node_id": "US03",
                            "provider_rate": "FEDEX_GROUND"
                        },
                        {
                            "fulfillment_node_id": "US01",
                            "provider_rate": "ACME_5_DAY_NO_HURRY"
                        },
                        {
                            "fulfillment_node_id": "US01",
                            "provider_rate": "FEDEX_GROUND"
                        }
                    ],
                    "SAME_DAY_DELIVERY_ACME": [
                        {
                            "fulfillment_node_id": "DCO1",
                            "provider_rate": "ACME_ON_DEMAND_2_HOURS"
                        },
                        {
                            "fulfillment_node_id": "US03",
                            "provider_rate": "ACME_ON_DEMAND_2_HOURS"
                        },
                        {
                            "fulfillment_node_id": "US01",
                            "provider_rate": "ACME_ON_DEMAND_2_HOURS"
                        }
                    ],
                    "NEXT_DAY": [
                        {
                            "fulfillment_node_id": "DCO1",
                            "provider_rate": "STANDARD_OVERNIGHT"
                        },
                        {
                            "fulfillment_node_id": "US03",
                            "provider_rate": "STANDARD_OVERNIGHT"
                        },
                        {
                            "fulfillment_node_id": "US01",
                            "provider_rate": "STANDARD_OVERNIGHT"
                        }
                    ]
                }
            },
            {
                "destination_region": {
                    "countries": [
                        "GB"
                    ],
                    "zip_codes": [
                        "*"
                    ]
                },
                "fulfilled_by": {
                    "2_DAY_UK": [
                        {
                            "fulfillment_node_id": "DC02",
                            "provider_rate": "ACME_2_DAY_EXPRESS_UK"
                        },
                        {
                            "fulfillment_node_id": "WAL1",
                            "provider_rate": "ACME_2_DAY_EXPRESS_UK"
                        }
                    ],
                    "GROUND_UK": [
                        {
                            "fulfillment_node_id": "DC02",
                            "provider_rate": "ACME_5_DAY_NO_HURRY_UK"
                        },
                        {
                            "fulfillment_node_id": "WAL1",
                            "provider_rate": "ACME_5_DAY_NO_HURRY_UK"
                        }
                    ],
                    "SAME_DAY_DELIVERY_UK": [
                        {
                            "fulfillment_node_id": "DC02",
                            "provider_rate": "ACME_ON_DEMAND_2_HOURS_UK"
                        },
                        {
                            "fulfillment_node_id": "WAL1",
                            "provider_rate": "ACME_ON_DEMAND_2_HOURS_UK"
                        }
                    ]
                }
            }
        ]
    }
}