{
	"active_status": true,
	"business_hours": [
		{
			"from_time": "09:00",
			"to_time": "18:00",
			"weekday": 3
		},
		{
			"from_time": "09:00",
			"to_time": "18:00",
			"weekday": 1
		},
		{
			"from_time": "09:00",
			"to_time": "18:00",
			"weekday": 2
		},
		{
			"from_time": "09:00",
			"to_time": "18:00",
			"weekday": 5
		},
		{
			"from_time": "09:00",
			"to_time": "18:00",
			"weekday": 0
		},
		{
			"from_time": "09:00",
			"to_time": "18:00",
			"weekday": 6
		},
		{
			"from_time": "09:00",
			"to_time": "18:00",
			"weekday": 4
		}
	],
	"display_price_unit_type": "net",
	"division_name": "GB",
	"gift_wrapping": false,
    "tax_included": true,
	"label": "Wales Store",
	"phone_number": "+44 2920 595463",
	"pricebook": "default-GBP",
	"physical_address": {
		"address_line_1": "59 Queen Street",
		"city": "Cardiff",
		"country_code": "GB",
		"latitude": 51.4818971,
		"longitude": -3.1778746,
		"zip_code": "CF10 2PX"
	},
	"queue_prioritization": [
		{
			"display_priority_type": "normal",
			"priority": 1,
			"shipping_type": "traditional_carrier"
		},
		{
			"display_priority_type": "priority",
			"priority": 2,
			"shipping_type": "same_day_delivery"
		},
		{
			"display_priority_type": "priority",
			"priority": 3,
			"shipping_type": "in_store_pick_up"
		}
	],
	"shipping_address": {
		"address_line_1": "59 Queen Street",
		"city": "Cardiff",
		"country_code": "GB",
		"latitude": 51.4818971,
		"longitude": -3.1778746,
		"zip_code": "CF10 2PX"
	},
	"supported_shipping_methods": [
		"same_day_delivery",
		"traditional_carrier",
		"in_store_pick_up"
	],
	"store_id": "afb6715c-8cff-4108-9449-f237cd1b23a4",
	"timezone": "Europe/London"
	
}
