{
    "capabilities": {
        "mixed_cart": false,
        "cash_management": false,
        "offline_mode": false,
        "cash_for_endless_aisle_orders_enabled": false
    },
    "commerce_components": {
        "template_render_lambda_url": "https://zd1nmkmt82.execute-api.us-east-1.amazonaws.com/p/templates",
        "barcode_types": [
            "Code128",
            "Code39",
            "QR",
            "UPCA",
            "EAN13"
        ],
        "document_printer_types": {
            "default": "labelPrinter"
        },
        "gift_card_product_id": "SVSGIFTCARD0",
        "gift_card_regexp": "^(1200\\d{6}|781000\\d{10}|600649\\d{10}|600649\\d{13}|504507\\d{10}|504507\\d{13})$"
    },
    "return_process_configuration": {
        "return_reasons": [
            {
                "code": 101,
                "reason": "Received incorrect item",
                "reasons": {
                    "en": "Received incorrect item"
                }
            },
            {
                "code": 102,
                "reason": "Received defective item",
                "reasons": {
                    "en": "Received defective item"
                }
            },
            {
                "code": 103,
                "reason": "Fits too large",
                "reasons": {
                    "en": "Fits too large"
                }
            },
            {
                "code": 104,
                "reason": "Fits too small",
                "reasons": {
                    "en": "Fits too small"
                }
            },
            {
                "code": 105,
                "reason": "Color not as pictured",
                "reasons": {
                    "en": "Color not as pictured"
                }
            },
            {
                "code": 106,
                "reason": "Did not like fit or style",
                "reasons": {
                    "en": "Did not like fit or style"
                }
            },
            {
                "code": 107,
                "reason": "Gift",
                "reasons": {
                    "en": "Gift"
                }
            },
            {
                "code": 123,
                "reason": "Consignment",
                "reasons": {
                    "en": "Consignment"
                }
            },
            {
                "code": 999,
                "reason": "Non-Classified Return Reason",
                "reasons": {
                    "en": "Non-Classified Return Reason"
                }
            }
        ],
        "quality_inspection_options": [
            {
                "code": 1,
                "option": "Sellable"
            },
            {
                "code": 2,
                "option": "Damaged"
            }
        ],
        "blind_return_enabled": true
    },
    "ui_configurations": {
        "display_product_identifier": "sku",
        "show_preorders_filter": true,
        "suggested_email_domains": [
            "gmail.com",
            "yahoo.com",
            "live.com"
        ],
        "tax_exemption_enabled": true,
        "seconds_until_logout_on_inactivity": 180
    }
}