{
    "value": {
        "DHL": {
            "api_base_url": "https://salestools.newstore.io/api/",
            "integration_type": "generic"
        },
        "UPS": {
            "api_base_url": "https://salestools.newstore.io/api/",
            "integration_type": "generic"
        },
        "USPS": {
            "api_base_url": "https://salestools.newstore.io/api/",
            "integration_type": "generic"
        },
        "FEDEX": {
            "api_base_url": "https://salestools.newstore.io/api/",
            "integration_type": "generic"
        },
        "CANADAPOST": {
            "api_base_url": "https://salestools.newstore.io/api/",
            "integration_type": "generic"
        },
        "ROYAL_MAIL": {
            "api_base_url": "https://salestools.newstore.io/api/",
            "integration_type": "generic"
        },
        "AUSTRALIA_POST": {
            "api_base_url": "https://salestools.newstore.io/api/",
            "integration_type": "generic"
        }
    }
}