{
    "fulfillment_config": {
        "service_levels": {
            "FEDEX_REGULAR": {
                "display_name": "FedEx Regular",
                "delivery_time": "Place order by 2pm",
                "delivery_time_after_cutoff_hour": "Place order by 2pm",
                "price": 5,
                "currency_code": "USD",
                "tax_code": "",
                "remorse_period": 1
            },
            "FEDEX_EXPRESS": {
                "display_name": "FedEx Regular",
                "delivery_time": "Place order by 2pm",
                "delivery_time_after_cutoff_hour": "Place order by 2pm",
                "price": 25,
                "currency_code": "USD",
                "tax_code": "",
                "remorse_period": 1
            },
            "USPS_REGULAR": {
                "display_name": "USPS Regular",
                "delivery_time": "Place order by 2pm",
                "delivery_time_after_cutoff_hour": "Place order by 2pm",
                "price": 5,
                "currency_code": "USD",
                "tax_code": "",
                "remorse_period": 1
            },
            "USPS_EXPRESS": {
                "display_name": "USPS Express",
                "delivery_time": "Place order by 2pm",
                "delivery_time_after_cutoff_hour": "Place order by 2pm",
                "price": 25,
                "currency_code": "USD",
                "tax_code": "",
                "remorse_period": 1
            },
            "UPS_REGULAR": {
                "display_name": "UPS Regular",
                "delivery_time": "Place order by 2pm",
                "delivery_time_after_cutoff_hour": "Place order by 2pm",
                "price": 5,
                "currency_code": "USD",
                "tax_code": "",
                "remorse_period": 1
            },
            "UPS_EXPRESS": {
                "display_name": "UPS Express",
                "delivery_time": "Place order by 2pm",
                "delivery_time_after_cutoff_hour": "Place order by 2pm",
                "price": 25,
                "currency_code": "USD",
                "tax_code": "",
                "remorse_period": 1
            },
            "CANADAPOST_REGULAR": {
                "display_name": "Canada Regular",
                "delivery_time": "Place order by 2pm",
                "delivery_time_after_cutoff_hour": "Place order by 2pm",
                "price": 5,
                "currency_code": "CAD",
                "tax_code": "",
                "remorse_period": 1
            },
            "CANADAPOST_EXPRESS": {
                "display_name": "Canada Express",
                "delivery_time": "Place order by 2pm",
                "delivery_time_after_cutoff_hour": "Place order by 2pm",
                "price": 25,
                "currency_code": "CAD",
                "tax_code": "",
                "remorse_period": 1
            },
            "ROYALMAIL_REGULAR": {
                "display_name": "Royal Mail Regular",
                "delivery_time": "Place order by 2pm",
                "delivery_time_after_cutoff_hour": "Place order by 2pm",
                "price": 5,
                "currency_code": "GBP",
                "tax_code": "",
                "remorse_period": 1
            },
            "ROYALMAIL_EXPRESS": {
                "display_name": "Royal Mail Express",
                "delivery_time": "Place order by 2pm",
                "delivery_time_after_cutoff_hour": "Place order by 2pm",
                "price": 25,
                "currency_code": "GBP",
                "tax_code": "",
                "remorse_period": 1
            },
            "AUSTRALIAPOST_REGULAR": {
                "display_name": "Australia Post Regular",
                "delivery_time": "Place order by 2pm",
                "delivery_time_after_cutoff_hour": "Place order by 2pm",
                "price": 5,
                "currency_code": "AUD",
                "tax_code": "",
                "remorse_period": 1
            },
            "AUSTRALIAPOST_EXPRESS": {
                "display_name": "Australia Post Express",
                "delivery_time": "Place order by 2pm",
                "delivery_time_after_cutoff_hour": "Place order by 2pm",
                "price": 25,
                "currency_code": "AUD",
                "tax_code": "",
                "remorse_period": 1
            },
            "DHL_REGULAR": {
                "display_name": "International Regular",
                "delivery_time": "Place order by 2pm",
                "delivery_time_after_cutoff_hour": "Place order by 2pm",
                "price": 5,
                "currency_code": "USD",
                "tax_code": "",
                "remorse_period": 1
            },
            "DHL_EXPRESS": {
                "display_name": "International Regular",
                "delivery_time": "Place order by 2pm",
                "delivery_time_after_cutoff_hour": "Place order by 2pm",
                "price": 25,
                "currency_code": "USD",
                "tax_code": "",
                "remorse_period": 1
            }
        },
        "provider_rates": {
            "FEDEX_REGULAR": {
                "shipping_carrier_name": "FEDEX",
                "service_level": "FEDEX_REGULAR",
                "shipping_type": "same_day_delivery",
                "use_as_customer_facing_cost": false,
                "return_provider_rate": "",
                "carrier_defined_service_level": "FEDEX_REGULAR"
            },
            "FEDEX_EXPRESS": {
                "shipping_carrier_name": "FEDEX",
                "service_level": "FEDEX_EXPRESS",
                "shipping_type": "same_day_delivery",
                "use_as_customer_facing_cost": false,
                "return_provider_rate": "",
                "carrier_defined_service_level": "FEDEX_EXPRESS"
            },
            "USPS_REGULAR": {
                "shipping_carrier_name": "USPS",
                "service_level": "USPS_REGULAR",
                "shipping_type": "same_day_delivery",
                "use_as_customer_facing_cost": false,
                "return_provider_rate": "",
                "carrier_defined_service_level": "USPS_REGULAR"
            },
            "USPS_EXPRESS": {
                "shipping_carrier_name": "USPS",
                "service_level": "USPS_EXPRESS",
                "shipping_type": "same_day_delivery",
                "use_as_customer_facing_cost": false,
                "return_provider_rate": "",
                "carrier_defined_service_level": "USPS_EXPRESS"
            },
            "UPS_REGULAR": {
                "shipping_carrier_name": "UPS",
                "service_level": "UPS_REGULAR",
                "shipping_type": "same_day_delivery",
                "use_as_customer_facing_cost": false,
                "return_provider_rate": "",
                "carrier_defined_service_level": "UPS_REGULAR"
            },
            "UPS_EXPRESS": {
                "shipping_carrier_name": "UPS",
                "service_level": "UPS_EXPRESS",
                "shipping_type": "same_day_delivery",
                "use_as_customer_facing_cost": false,
                "return_provider_rate": "",
                "carrier_defined_service_level": "UPS_EXPRESS"
            },
            "CANADAPOST_REGULAR": {
                "shipping_carrier_name": "CANADAPOST ",
                "service_level": "CANADAPOST_REGULAR",
                "shipping_type": "same_day_delivery",
                "use_as_customer_facing_cost": false,
                "return_provider_rate": "",
                "carrier_defined_service_level": "CANADAPOST_REGULAR"
            },
            "CANADAPOST_EXPRESS": {
                "shipping_carrier_name": "CANADAPOST ",
                "service_level": "CANADAPOST_EXPRESS",
                "shipping_type": "same_day_delivery",
                "use_as_customer_facing_cost": false,
                "return_provider_rate": "",
                "carrier_defined_service_level": "CANADAPOST_EXPRESS"
            },
            "ROYALMAIL_REGULAR": {
                "shipping_carrier_name": "ROYAL_MAIL",
                "service_level": "ROYALMAIL_REGULAR",
                "shipping_type": "same_day_delivery",
                "use_as_customer_facing_cost": false,
                "return_provider_rate": "",
                "carrier_defined_service_level": "ROYALMAIL_REGULAR"
            },
            "ROYALMAIL_EXPRESS": {
                "shipping_carrier_name": "ROYAL_MAIL",
                "service_level": "ROYALMAIL_EXPRESS",
                "shipping_type": "same_day_delivery",
                "use_as_customer_facing_cost": false,
                "return_provider_rate": "",
                "carrier_defined_service_level": "ROYALMAIL_EXPRESS"
            },
            "AUSTRALIAPOST_REGULAR": {
                "shipping_carrier_name": "AUSTRALIA_POST ",
                "service_level": "AUSTRALIAPOST_REGULAR",
                "shipping_type": "same_day_delivery",
                "use_as_customer_facing_cost": false,
                "return_provider_rate": "",
                "carrier_defined_service_level": "AUSTRALIAPOST_REGULAR"
            },
            "AUSTRALIAPOST_EXPRESS": {
                "shipping_carrier_name": "AUSTRALIA_POST ",
                "service_level": "AUSTRALIAPOST_EXPRESS",
                "shipping_type": "same_day_delivery",
                "use_as_customer_facing_cost": false,
                "return_provider_rate": "",
                "carrier_defined_service_level": "AUSTRALIAPOST_EXPRESS"
            },
            "DHL_REGULAR": {
                "shipping_carrier_name": "DHL ",
                "service_level": "DHL_REGULAR",
                "shipping_type": "same_day_delivery",
                "use_as_customer_facing_cost": false,
                "return_provider_rate": "",
                "carrier_defined_service_level": "DHL_REGULAR"
            },
            "DHL_EXPRESS": {
                "shipping_carrier_name": "DHL ",
                "service_level": "DHL_EXPRESS",
                "shipping_type": "same_day_delivery",
                "use_as_customer_facing_cost": false,
                "return_provider_rate": "",
                "carrier_defined_service_level": "DHL_EXPRESS"
            }
        },
        "sl_levels_priority": [
            "FEDEX_EXPRESS",
            "USPS_REGULAR",
            "USPS_EXPRESS",
            "UPS_REGULAR",
            "UPS_EXPRESS",
            "CANADAPOST_REGULAR",
            "CANADAPOST_EXPRESS",
            "ROYALMAIL_REGULAR",
            "ROYALMAIL_EXPRESS",
            "AUSTRALIAPOST_REGULAR",
            "AUSTRALIAPOST_EXPRESS",
            "DHL_REGULAR",
            "DHL_EXPRESS"
        ],
        "routes": [
            {
                "destination_region": {
                    "countries": [
                        "US"
                    ],
                    "zip_codes": [
                        "59*",
                        "820*",
                        "821*",
                        "822*",
                        "824*",
                        "825*",
                        "826*",
                        "827*",
                        "828*",
                        "829*",
                        "830*",
                        "831*",
                        "832*",
                        "833*",
                        "834*",
                        "835*",
                        "836*",
                        "837*",
                        "838*",
                        "839*",
                        "84*",
                        "85*",
                        "86*",
                        "889*",
                        "890*",
                        "891*",
                        "892*",
                        "893*",
                        "894*",
                        "895*",
                        "896*",
                        "897*",
                        "898*",
                        "899*",
                        "90*",
                        "91*",
                        "92*",
                        "93*",
                        "94*",
                        "95*",
                        "96*",
                        "97*",
                        "98*",
                        "99*"
                    ]
                },
                "fulfilled_by": {
                    "FEDEX_REGULAR": [
                        {
                            "fulfillment_node_id": "DC01",
                            "provider_rate": "FEDEX_REGULAR"
                        },
                        {
                            "fulfillment_node_id": "US01",
                            "provider_rate": "FEDEX_REGULAR"
                        },
                        {
                            "fulfillment_node_id": "US03",
                            "provider_rate": "FEDEX_REGULAR"
                        }
                    ],
                    "FEDEX_EXPRESS": [
                        {
                            "fulfillment_node_id": "DC01",
                            "provider_rate": "FEDEX_EXPRESS"
                        },
                        {
                            "fulfillment_node_id": "US01",
                            "provider_rate": "FEDEX_EXPRESS"
                        },
                        {
                            "fulfillment_node_id": "US03",
                            "provider_rate": "FEDEX_EXPRESS"
                        }
                    ],
                    "USPS_REGULAR": [
                        {
                            "fulfillment_node_id": "DC01",
                            "provider_rate": "USPS_REGULAR"
                        },
                        {
                            "fulfillment_node_id": "US01",
                            "provider_rate": "USPS_REGULAR"
                        },
                        {
                            "fulfillment_node_id": "US03",
                            "provider_rate": "USPS_REGULAR"
                        }
                    ],
                    "USPS_EXPRESS": [
                        {
                            "fulfillment_node_id": "DC01",
                            "provider_rate": "USPS_EXPRESS"
                        },
                        {
                            "fulfillment_node_id": "US01",
                            "provider_rate": "USPS_EXPRESS"
                        },
                        {
                            "fulfillment_node_id": "US03",
                            "provider_rate": "USPS_EXPRESS"
                        }
                    ],
                    "UPS_REGULAR": [
                        {
                            "fulfillment_node_id": "DC01",
                            "provider_rate": "UPS_REGULAR"
                        },
                        {
                            "fulfillment_node_id": "US03",
                            "provider_rate": "UPS_REGULAR"
                        },
                        {
                            "fulfillment_node_id": "US01",
                            "provider_rate": "UPS_REGULAR"
                        }
                    ],
                    "UPS_EXPRESS": [
                        {
                            "fulfillment_node_id": "US01",
                            "provider_rate": "UPS_EXPRESS"
                        },
                        {
                            "fulfillment_node_id": "DC01",
                            "provider_rate": "UPS_EXPRESS"
                        },
                        {
                            "fulfillment_node_id": "US03",
                            "provider_rate": "UPS_EXPRESS"
                        }
                    ]
                }
            },
            {
                "destination_region": {
                    "countries": [
                        "US"
                    ],
                    "zip_codes": [
                        "50*",
                        "51*",
                        "52*",
                        "53*",
                        "54*",
                        "55*",
                        "560*",
                        "561*",
                        "562*",
                        "563*",
                        "564*",
                        "565*",
                        "566*",
                        "567*",
                        "57*",
                        "58*",
                        "6*",
                        "7*",
                        "885*"
                    ]
                },
                "fulfilled_by": {
                    "FEDEX_REGULAR": [
                        {
                            "fulfillment_node_id": "DC01",
                            "provider_rate": "FEDEX_REGULAR"
                        },
                        {
                            "fulfillment_node_id": "US03",
                            "provider_rate": "FEDEX_REGULAR"
                        },
                        {
                            "fulfillment_node_id": "US01",
                            "provider_rate": "FEDEX_REGULAR"
                        }
                    ],
                    "FEDEX_EXPRESS": [
                        {
                            "fulfillment_node_id": "DC01",
                            "provider_rate": "FEDEX_EXPRESS"
                        },
                        {
                            "fulfillment_node_id": "US03",
                            "provider_rate": "FEDEX_EXPRESS"
                        },
                        {
                            "fulfillment_node_id": "US01",
                            "provider_rate": "FEDEX_EXPRESS"
                        }
                    ],
                    "USPS_REGULAR": [
                        {
                            "fulfillment_node_id": "DC01",
                            "provider_rate": "USPS_REGULAR"
                        },
                        {
                            "fulfillment_node_id": "US03",
                            "provider_rate": "USPS_REGULAR"
                        },
                        {
                            "fulfillment_node_id": "US01",
                            "provider_rate": "USPS_REGULAR"
                        }
                    ],
                    "USPS_EXPRESS": [
                        {
                            "fulfillment_node_id": "DC01",
                            "provider_rate": "USPS_EXPRESS"
                        },
                        {
                            "fulfillment_node_id": "US03",
                            "provider_rate": "USPS_EXPRESS"
                        },
                        {
                            "fulfillment_node_id": "US01",
                            "provider_rate": "USPS_EXPRESS"
                        }
                    ],
                    "UPS_REGULAR": [
                        {
                            "fulfillment_node_id": "DC01",
                            "provider_rate": "UPS_REGULAR"
                        },
                        {
                            "fulfillment_node_id": "US01",
                            "provider_rate": "UPS_REGULAR"
                        },
                        {
                            "fulfillment_node_id": "US03",
                            "provider_rate": "UPS_REGULAR"
                        }
                    ],
                    "UPS_EXPRESS": [
                        {
                            "fulfillment_node_id": "US03",
                            "provider_rate": "UPS_EXPRESS"
                        },
                        {
                            "fulfillment_node_id": "DC01",
                            "provider_rate": "UPS_EXPRESS"
                        },
                        {
                            "fulfillment_node_id": "US01",
                            "provider_rate": "UPS_EXPRESS"
                        }
                    ]
                }
            },
            {
                "destination_region": {
                    "countries": [
                        "US"
                    ],
                    "zip_codes": [
                        "0*",
                        "1*",
                        "2*",
                        "3*",
                        "4*",
                        "569*"
                    ]
                },
                "fulfilled_by": {
                    "FEDEX_REGULAR": [
                        {
                            "fulfillment_node_id": "DC01",
                            "provider_rate": "FEDEX_REGULAR"
                        },
                        {
                            "fulfillment_node_id": "US03",
                            "provider_rate": "FEDEX_REGULAR"
                        },
                        {
                            "fulfillment_node_id": "US01",
                            "provider_rate": "FEDEX_REGULAR"
                        }
                    ],
                    "FEDEX_EXPRESS": [
                        {
                            "fulfillment_node_id": "DC01",
                            "provider_rate": "FEDEX_EXPRESS"
                        },
                        {
                            "fulfillment_node_id": "US03",
                            "provider_rate": "FEDEX_EXPRESS"
                        },
                        {
                            "fulfillment_node_id": "US01",
                            "provider_rate": "FEDEX_EXPRESS"
                        }
                    ],
                    "USPS_REGULAR": [
                        {
                            "fulfillment_node_id": "DC01",
                            "provider_rate": "USPS_REGULAR"
                        },
                        {
                            "fulfillment_node_id": "US03",
                            "provider_rate": "USPS_REGULAR"
                        },
                        {
                            "fulfillment_node_id": "US01",
                            "provider_rate": "USPS_REGULAR"
                        }
                    ],
                    "USPS_EXPRESS": [
                        {
                            "fulfillment_node_id": "DC01",
                            "provider_rate": "USPS_EXPRESS"
                        },
                        {
                            "fulfillment_node_id": "US03",
                            "provider_rate": "USPS_EXPRESS"
                        },
                        {
                            "fulfillment_node_id": "US01",
                            "provider_rate": "USPS_EXPRESS"
                        }
                    ],
                    "UPS_REGULAR": [
                        {
                            "fulfillment_node_id": "DC01",
                            "provider_rate": "UPS_REGULAR"
                        },
                        {
                            "fulfillment_node_id": "US01",
                            "provider_rate": "UPS_REGULAR"
                        },
                        {
                            "fulfillment_node_id": "US03",
                            "provider_rate": "UPS_REGULAR"
                        }
                    ],
                    "UPS_EXPRESS": [
                        {
                            "fulfillment_node_id": "US03",
                            "provider_rate": "UPS_EXPRESS"
                        },
                        {
                            "fulfillment_node_id": "DC01",
                            "provider_rate": "UPS_EXPRESS"
                        },
                        {
                            "fulfillment_node_id": "US01",
                            "provider_rate": "UPS_EXPRESS"
                        }
                    ]
                }
            },
            {
                "destination_region": {
                    "countries": [
                        "GB"
                    ],
                    "zip_codes": [
                        "*"
                    ]
                },
                "fulfilled_by": {
                    "ROYALMAIL_REGULAR": [
                        {
                            "fulfillment_node_id": "DC02",
                            "provider_rate": "ROYALMAIL_REGULAR"
                        },
                        {
                            "fulfillment_node_id": "WAL01",
                            "provider_rate": "ROYALMAIL_REGULAR"
                        }
                    ],
                    "ROYALMAIL_EXPRESS": [
                        {
                            "fulfillment_node_id": "DC02",
                            "provider_rate": "ROYALMAIL_EXPRESS"
                        },
                        {
                            "fulfillment_node_id": "WAL01",
                            "provider_rate": "ROYALMAIL_EXPRESS"
                        }
                    ]
                }
            },
            {
                "destination_region": {
                    "countries": [
                        "AD",
                        "AE",
                        "AF",
                        "AG",
                        "AI",
                        "AL",
                        "AM",
                        "AO",
                        "AQ",
                        "AR",
                        "AS",
                        "AT",
                        "AU",
                        "AW",
                        "AX",
                        "AZ",
                        "BA",
                        "BB",
                        "BD",
                        "BE",
                        "BF",
                        "BG",
                        "BH",
                        "BI",
                        "BJ",
                        "BL",
                        "BM",
                        "BN",
                        "BO",
                        "BQ",
                        "BR",
                        "BS",
                        "BT",
                        "BV",
                        "BW",
                        "BY",
                        "BZ",
                        "CC",
                        "CD",
                        "CF",
                        "CG",
                        "CH",
                        "CI",
                        "CK",
                        "CL",
                        "CM",
                        "CN",
                        "CO",
                        "CR",
                        "CU",
                        "CV",
                        "CW",
                        "CX",
                        "CY",
                        "CZ",
                        "DE",
                        "DJ",
                        "DK",
                        "DM",
                        "DO",
                        "DZ",
                        "EC",
                        "EE",
                        "EG",
                        "EH",
                        "ER",
                        "ES",
                        "ET",
                        "FI",
                        "FJ",
                        "FK",
                        "FM",
                        "FO",
                        "FR",
                        "GA",
                        "GD",
                        "GE",
                        "GF",
                        "GG",
                        "GH",
                        "GI",
                        "GL",
                        "GM",
                        "GN",
                        "GP",
                        "GQ",
                        "GR",
                        "GS",
                        "GT",
                        "GU",
                        "GW",
                        "GY",
                        "HK",
                        "HM",
                        "HN",
                        "HR",
                        "HT",
                        "HU",
                        "ID",
                        "IE",
                        "IL",
                        "IM",
                        "IN",
                        "IO",
                        "IQ",
                        "IR",
                        "IS",
                        "IT",
                        "JE",
                        "JM",
                        "JO",
                        "JP",
                        "KE",
                        "KG",
                        "KH",
                        "KI",
                        "KM",
                        "KN",
                        "KP",
                        "KR",
                        "KW",
                        "KY",
                        "KZ",
                        "LA",
                        "LB",
                        "LC",
                        "LI",
                        "LK",
                        "LR",
                        "LS",
                        "LT",
                        "LU",
                        "LV",
                        "LY",
                        "MA",
                        "MC",
                        "MD",
                        "ME",
                        "MF",
                        "MG",
                        "MH",
                        "MK",
                        "ML",
                        "MM",
                        "MN",
                        "MO",
                        "MP",
                        "MQ",
                        "MR",
                        "MS",
                        "MT",
                        "MU",
                        "MV",
                        "MW",
                        "MX",
                        "MY",
                        "MZ",
                        "NA",
                        "NC",
                        "NE",
                        "NF",
                        "NG",
                        "NI",
                        "NL",
                        "NO",
                        "NP",
                        "NR",
                        "NU",
                        "NZ",
                        "OM",
                        "PA",
                        "PE",
                        "PF",
                        "PG",
                        "PH",
                        "PK",
                        "PL",
                        "PM",
                        "PN",
                        "PR",
                        "PS",
                        "PT",
                        "PW",
                        "PY",
                        "QA",
                        "RE",
                        "RO",
                        "RS",
                        "RU",
                        "RW",
                        "SA",
                        "SB",
                        "SC",
                        "SD",
                        "SE",
                        "SG",
                        "SH",
                        "SI",
                        "SJ",
                        "SK",
                        "SL",
                        "SM",
                        "SN",
                        "SO",
                        "SR",
                        "SS",
                        "ST",
                        "SV",
                        "SX",
                        "SY",
                        "SZ",
                        "TC",
                        "TD",
                        "TF",
                        "TG",
                        "TH",
                        "TJ",
                        "TK",
                        "TL",
                        "TM",
                        "TN",
                        "TO",
                        "TR",
                        "TT",
                        "TV",
                        "TW",
                        "TZ",
                        "UA",
                        "UG",
                        "UM",
                        "UY",
                        "UZ",
                        "VA",
                        "VC",
                        "VE",
                        "VG",
                        "VI",
                        "VN",
                        "VU",
                        "WF",
                        "WS",
                        "YE",
                        "YT",
                        "ZA",
                        "ZM",
                        "ZW"
                    ],
                    "zip_codes": [
                        "*"
                    ]
                },
                "fulfilled_by": {
                    "DHL_REGULAR": [
                        {
                            "fulfillment_node_id": "US01",
                            "provider_rate": "DHL_REGULAR"
                        },
                        {
                            "fulfillment_node_id": "US03",
                            "provider_rate": "DHL_REGULAR"
                        },
                        {
                            "fulfillment_node_id": "DC01",
                            "provider_rate": "DHL_REGULAR"
                        }
                    ],
                    "DHL_EXPRESS": [
                        {
                            "fulfillment_node_id": "US01",
                            "provider_rate": "DHL_EXPRESS"
                        },
                        {
                            "fulfillment_node_id": "US03",
                            "provider_rate": "DHL_EXPRESS"
                        },
                        {
                            "fulfillment_node_id": "DC01",
                            "provider_rate": "DHL_EXPRESS"
                        }
                    ]
                }
            }
        ]
    }
}