{
    "active_status": true,
    "business_hours": [
        {
            "from_time": "11:00",
            "to_time": "19:00",
            "weekday": 0
        },
        {
            "from_time": "11:00",
            "to_time": "19:00",
            "weekday": 1
        },
        {
            "from_time": "11:00",
            "to_time": "19:00",
            "weekday": 2
        },
        {
            "from_time": "11:00",
            "to_time": "19:00",
            "weekday": 3
        },
        {
            "from_time": "11:00",
            "to_time": "19:00",
            "weekday": 4
        },
        {
            "from_time": "11:00",
            "to_time": "19:00",
            "weekday": 5
        },
        {
            "from_time": "12:00",
            "to_time": "18:00",
            "weekday": 6
        }
    ],
    "delivery_zip_codes": [
        "10060",
        "10065",
        "10069",
        "10292",
        "10242",
        "10109",
        "10108",
        "10213",
        "10212",
        "10105",
        "10104",
        "10107",
        "10106",
        "10101",
        "10103",
        "10102",
        "10185",
        "10286",
        "10055",
        "10285",
        "10282",
        "10280",
        "10281",
        "10203",
        "10118",
        "10119",
        "10116",
        "10117",
        "10114",
        "10115",
        "10112",
        "10113",
        "10110",
        "10111",
        "10278",
        "10199",
        "10211",
        "10260",
        "10261",
        "10041",
        "10043",
        "10044",
        "10045",
        "10129",
        "10128",
        "10123",
        "10122",
        "10121",
        "10120",
        "10126",
        "10125",
        "10124",
        "10268",
        "10257",
        "10269",
        "10256",
        "10130",
        "10131",
        "10132",
        "10133",
        "10138",
        "10039",
        "10038",
        "10035",
        "10037",
        "10036",
        "10031",
        "10030",
        "10032",
        "10277",
        "10276",
        "10275",
        "10259",
        "10258",
        "10274",
        "10028",
        "10029",
        "10026",
        "10027",
        "10024",
        "10025",
        "10022",
        "10023",
        "10020",
        "10021",
        "10169",
        "10168",
        "10272",
        "10152",
        "10153",
        "10150",
        "10151",
        "10156",
        "10157",
        "10154",
        "10155",
        "10163",
        "10158",
        "10159",
        "10162",
        "10019",
        "10018",
        "10279",
        "10271",
        "10013",
        "10012",
        "10011",
        "10010",
        "10017",
        "10016",
        "10014",
        "10090",
        "10095",
        "10270",
        "10004",
        "10005",
        "10006",
        "10007",
        "10273",
        "10001",
        "10002",
        "10003",
        "10167",
        "10166",
        "10165",
        "10164",
        "10008",
        "10009",
        "10161",
        "10160",
        "10087",
        "10080",
        "10081",
        "10178",
        "10179",
        "10075",
        "10265",
        "10170",
        "10171",
        "10172",
        "10173",
        "10174",
        "10175",
        "10176",
        "10177",
        "10249"
    ],
    "display_price_unit_type": "net",
    "gift_wrapping": false,
    "label": "New York Spring Street",
    "phone_number": "1-212-929-0700",
    "pricebook": "united-states_usd",
    "physical_address": {
        "address_line_1": "120 Spring Street",
        "city": "New York",
        "country_code": "US",
        "latitude": 40.7235439,
        "longitude": -74.0023732,
        "state": "NY",
        "zip_code": "10012"
    },
    "queue_prioritization": [
        {
            "display_priority_type": "normal",
            "priority": 1,
            "shipping_type": "traditional_carrier"
        },
        {
            "display_priority_type": "priority",
            "priority": 2,
            "shipping_type": "same_day_delivery"
        },
        {
            "display_priority_type": "priority",
            "priority": 3,
            "shipping_type": "in_store_pick_up"
        }
    ],
    "shipping_address": {
        "address_line_1": "120 Spring Street",
        "city": "New York",
        "country_code": "US",
        "latitude": 40.7235439,
        "longitude": -74.0023732,
        "state": "NY",
        "zip_code": "10012"
    },
    "shipping_provider_info": {
        "deliv": {
            "delivery_zip_codes": [
                "10001",
                "10002",
                "10003",
                "10004",
                "10005",
                "10006",
                "10007",
                "10008",
                "10009",
                "10010",
                "10011",
                "10012",
                "10013",
                "10014",
                "10016",
                "10017",
                "10018",
                "10019",
                "10020",
                "10021",
                "10022",
                "10023",
                "10024",
                "10025",
                "10026",
                "10027",
                "10028",
                "10029",
                "10030",
                "10031",
                "10032",
                "10035",
                "10036",
                "10037",
                "10038",
                "10039",
                "10041",
                "10043",
                "10044",
                "10045",
                "10055",
                "10060",
                "10065",
                "10069",
                "10075",
                "10080",
                "10081",
                "10087",
                "10090",
                "10095",
                "10101",
                "10102",
                "10103",
                "10104",
                "10105",
                "10106",
                "10107",
                "10108",
                "10109",
                "10110",
                "10111",
                "10112",
                "10113",
                "10114",
                "10115",
                "10116",
                "10117",
                "10118",
                "10119",
                "10120",
                "10121",
                "10122",
                "10123",
                "10124",
                "10125",
                "10126",
                "10128",
                "10129",
                "10130",
                "10131",
                "10132",
                "10133",
                "10138",
                "10150",
                "10151",
                "10152",
                "10153",
                "10154",
                "10155",
                "10156",
                "10157",
                "10158",
                "10159",
                "10160",
                "10161",
                "10162",
                "10163",
                "10164",
                "10165",
                "10166",
                "10167",
                "10168",
                "10169",
                "10170",
                "10171",
                "10172",
                "10173",
                "10174",
                "10175",
                "10176",
                "10177",
                "10178",
                "10179",
                "10185",
                "10199",
                "10203",
                "10211",
                "10212",
                "10213",
                "10242",
                "10249",
                "10256",
                "10257",
                "10258",
                "10259",
                "10260",
                "10261",
                "10265",
                "10268",
                "10269",
                "10270",
                "10271",
                "10272",
                "10273",
                "10274",
                "10275",
                "10276",
                "10277",
                "10278",
                "10279",
                "10280",
                "10281",
                "10282",
                "10285",
                "10286",
                "10292"
            ]
        }
    },
    "store_id": "27a39710-4b2d-43fd-b636-5f7aed3073a2",
    "supported_shipping_methods": [
        "same_day_delivery",
        "traditional_carrier",
        "in_store_pick_up"
    ],
    "tax_included": false,
    "timezone": "America/New_York"
}
